C0101,Neha Kapoor,Aadhar,1111 2222 3333,45 Crescent Rd, India,06-11-2025,12-11-2025,563,9876543210,B,Yes,Lunch,Drop,No
C0102,Samir Ali,Aadhar,2222 3333 4444,78 Sunrise Blvd, India,04-11-2025,13-11-2025,1140,9123456789,B,Yes,Dinner,None,Yes
C0103,Olivia Martin,DL,DL-2025-OM01,9 Ocean View, United States,02-11-2025,09-11-2025,803,2025550101,L,Yes,Lunch,Both,No
C0104,Daniel Kim,Passport,P1000002,3 Maple Street, Korea,02-11-2025,09-11-2025,116,8210123456,B,Yes,All meals,Pickup,Yes
C0105,Emma Chen,Aadhar,3333 4444 5555,21 Liberty Ave, India,05-11-2025,11-11-2025,908,9876543211,B,No,All meals,Pickup,No
C0106,Ravi Singh,Aadhar,4444 5555 6666,66 Mall Road, India,02-11-2025,09-11-2025,1162,9988776655,L,No,None,Pickup,Yes
C0107,Lia Rodriguez,Passport,P2000003,44 Plaza Mayor, Spain,05-11-2025,10-11-2025,1108,3461234567,L,No,None,None,Yes
C0108,Jonah Smith,DL,DL-2025-JS08,88 River Ave, USA,04-11-2025,13-11-2025,1197,2125550188,L,No,None,Both,Yes
C0109,Grace Lee,Aadhar,5555 6666 7777,12 Park Lane, India,04-11-2025,10-11-2025,199,9191234569,B,No,Breakfast,Pickup,No
C0110,Noah Patel,Passport,P3000004,7 Hillcrest, UK,03-11-2025,09-11-2025,1209,4474455550,B,Yes,None,Pickup,Yes
C0111,Aria Rossi,Aadhar,6666 7777 8888,99 Olive Street, Italy,03-11-2025,09-11-2025,787,3905512345,L,No,Lunch,Drop,No
C0112,Lucas Müller,Passport,P4000005,15 Kaiser Str, Germany,06-11-2025,13-11-2025,847,4930123456,L,Yes,None,None,Yes
C0113,Sophie Dubois,DL,DL-2025-SD11,21 Rue Victor, France,02-11-2025,09-11-2025,1038,3366123456,L,No,Dinner,None,Yes
C0114,Aarav Sharma,Aadhar,8888 9999 0000,12 Rajpath, India,02-11-2025,09-11-2025,462,9980011222,B,No,All meals,Pickup,No
C0115,Zoey Kim,Passport,P5000006,2 Ocean Ave, South Korea,06-11-2025,11-11-2025,242,9876654320,L,Yes,Lunch,Pickup,Yes
C0116,Henry Clark,DL,DL-2025-HC22,34 Crown St, USA,02-11-2025,09-11-2025,206,4155550133,L,Yes,None,Drop,No
C0117,Arun Das,Aadhar,9999 0000 1111,3 Silk Road, India,03-11-2025,14-11-2025,1246,9123456783,L,Yes,None,None,Yes
C0118,Marco Rossi,Passport,P6000007,88 Piazza San Marco, Italy,04-11-2025,13-11-2025,1190,3905599988,B,No,All meals,None,No
C0119,Sara Nair,Aadhar,1000 2111 3222,5 Lotus Ave, India,04-11-2025,10-11-2025,135,9876501234,L,No,Lunch,Both,Yes
C0120,Lucas Green,DL,DL-2025-LG33,77 Market Street, UK,06-11-2025,11-11-2025,1221,4479112345,B,No,Breakfast,None,Yes
C0121,Amelia Park,Passport,P7000008,1 Studio 5, Korea,02-11-2025,12-11-2025,123,8233445566,L,Yes,Lunch,Drop,No
C0122,David Kim,Aadhar,1001 2112 3223,14 North Ave, Korea,06-11-2025,14-11-2025,809,8244432211,B,No,None,Both,Yes
C0123,Chloe Smith,Passport,P8000009,9 Sunset Blvd, Canada,05-11-2025,10-11-2025,645,4165550199,L,No,Dinner,None,Yes
C0124,Pranav Iyer,Aadhar,1002 2113 3224,16 Green Way, India,06-11-2025,12-11-2025,923,9191234569,B,No,Breakfast,Pickup,No
C0125,Olivia Nguyen,DL,DL-2025-ON77,28 Harbour Dr, USA,03-11-2025,12-11-2025,333,7025550123,B,Yes,None,None,Yes
C0126,Ahmed Khan,Aadhar,1003 2114 3225,81 Pearl Road, India,05-11-2025,13-11-2025,902,9870123456,L,Yes,Breakfast,Pickup,No
C0127,Grace Park,Passport,P9000010,3 King Street, UK,03-11-2025,09-11-2025,484,4475401234,L,No,Dinner,Pickup,Yes
C0128,Ishaan Gupta,Aadhar,1004 2115 3226,50 MG Road, India,06-11-2025,14-11-2025,105,9988776654,B,Yes,None,Both,Yes
C0129,Samantha Rossi,DL,DL-2025-SR55,12 Via Roma, Italy,05-11-2025,10-11-2025,697,3555123456,L,No,Dinner,None,Yes
C0130,Daniela Costa,Passport,P1000011,7 Ocean View, Portugal,03-11-2025,12-11-2025,278,3519123456,L,No,Dinner,Both,Yes
C0131,Daniel Park,DL,DL-2025-DP22,44 Harbor St, Korea,05-11-2025,12-11-2025,344,8210665544,L,Yes,All meals,None,No
C0132,Aditi Verma,Aadhar,7777 8888 9999,22 Carter Road, India,04-11-2025,13-11-2025,417,9198765432,L,Yes,None,None,No
C0133,Jonah Cohen,Passport,P1100012,19 Rue de Paris, France,04-11-2025,12-11-2025,1045,3364455667,L,No,Dinner,Drop,No
C0134,Grace Patel,Aadhar,1005 2116 3227,3 Indigo Row, India,02-11-2025,11-11-2025,849,9192345670,L,No,All meals,Drop,Yes
C0135,Leo Martins,DL,DL-2025-LM21,8 Harbour Way, Brazil,03-11-2025,10-11-2025,1183,5521987654,L,No,Dinner,Both,Yes
C0136,Sophia Rossi,Passport,P1200013,21 Piazza San Marco, Italy,03-11-2025,10-11-2025,1001,3905588877,L,Yes,None,Drop,Yes
C0137,Adam White,Aadhar,9999 1111 2222,12 Noble Ave, USA,05-11-2025,12-11-2025,1250,3035550188,B,No,All meals,Pickup,Yes
C0138,Emma Thompson,DL,DL-2025-ET88,33 Crown St, UK,04-11-2025,12-11-2025,342,7946123456,B,Yes,Dinner,None,Yes
C0139,Vihaan Kapoor,Aadhar,2222 3333 5555,6 Lotus Garden, India,05-11-2025,09-11-2025,1132,9123456722,B,No,Dinner,Both,No
C0140,Charlotte Liu,Passport,P1300014,5 Liberty St, Canada,04-11-2025,09-11-2025,90,4165550144,B,Yes,Lunch,Drop,Yes
C0141,Bruno Costa,Aadhar,1006 2117 3228,9 Piazza Navona, Brazil,06-11-2025,14-11-2025,377,5511912345,L,No,None,Drop,No
C0142,Mia Chen,DL,DL-2025-MC33,41 Market Street, USA,05-11-2025,11-11-2025,998,1646555015,L,No,All meals,Drop,No
C0143,Nina Kapoor,Aadhar,1007 2118 3229,17 Park Lane, India,05-11-2025,14-11-2025,378,9198001230,L,No,Breakfast,Pickup,Yes
C0144,Oliver Smith,Passport,P1400015,8 Garden Ave, UK,04-11-2025,14-11-2025,1229,4477103040,B,Yes,Lunch,None,Yes
C0145,Sara Rossi,Aadhar,1008 2119 3230,12 Ocean Drive, Italy,05-11-2025,14-11-2025,593,3905533322,B,Yes,Lunch,Drop,No
C0146,Alexandra Rossi,Passport,P1500016,24 Via del Corso, Italy,06-11-2025,14-11-2025,281,3905544555,B,No,Breakfast,Drop,Yes
C0147,Ethan Park,DL,DL-2025-EP77,12 Riverbank Ave, Korea,06-11-2025,12-11-2025,975,3283344456,B,Yes,None,Both,Yes
C0148,Aditi Sharma,Aadhar,1009 2120 3231,7 Lotus Street, India,03-11-2025,11-11-2025,255,9198765432,L,Yes,Breakfast,Drop,Yes
C0149,Oliver Brown,Passport,P1500017,3 Emerald Way, USA,06-11-2025,13-11-2025,55,2025550144,B,Yes,All meals,None,No
C0150,Grace Kim,Aadhar,1010 2121 3232,45 Sunset Blvd, South Korea,02-11-2025,11-11-2025,1041,5556667776,B,Yes,Breakfast,Pickup,No
C0151,Sophia Chen,DL,DL-2026-SC01,9 Ocean View, Canada,04-11-2025,13-11-2025,1145,1416555015,L,No,None,Drop,Yes
C0152,Noah Singh,Aadhar,1011 2122 3233,11 Park Lane, India,02-11-2025,14-11-2025,549,9191234567,B,Yes,Breakfast,None,No
C0153,Liam Martin,Passport,P1600018,2 Crown Street, United Kingdom,06-11-2025,13-11-2025,343,4447520123,B,No,All meals,None,Yes
C0154,Ava Kapoor,Aadhar,1012 2123 3234,77 Hill Rd, India,02-11-2025,10-11-2025,668,9199877665,L,No,Lunch,Drop,No
C0155,Lucas Rossi,DL,DL-2026-LR22,14 Beacon Ave, Italy,03-11-2025,13-11-2025,1141,3905577788,B,No,All meals,Pickup,Yes
C0156,Mia Chen,Passport,P1700019,33 Piazza Navona, Italy,02-11-2025,13-11-2025,687,3905599911,B,Yes,Lunch,Both,Yes
C0157,Arjun Nair,Aadhar,1013 2124 3235,88 Marina Bay, India,02-11-2025,14-11-2025,172,9191234567,B,Yes,Dinner,Drop,Yes
C0158,Sara Gupta,Aadhar,1014 2125 3236,12 MG Road, India,06-11-2025,11-11-2025,638,9198765431,L,No,Dinner,Drop,No
C0159,Daniel Kim,Passport,P1600020,5 Liberty St, Korea,03-11-2025,12-11-2025,106,8282762345,L,No,Lunch,Both,No
C0160,Emma White,DL,DL-2026-EW10,10 Red Oak Ave, USA,04-11-2025,09-11-2025,371,12035550166,L,No,Lunch,None,Yes
C0161,Chloe Park,Aadhar,1015 2126 3237,4 Birch Rd, Korea,06-11-2025,12-11-2025,807,8233332222,L,Yes,Breakfast,Both,No
C0162,Henry Singh,Aadhar,1016 2127 3238,6 Cedar Ave, India,02-11-2025,12-11-2025,1033,9191234568,L,Yes,All meals,Both,No
C0163,Isabella Rossi,Passport,P1800021,9 Piazza Navona, Italy,05-11-2025,09-11-2025,536,3905566677,L,No,Lunch,Pickup,Yes
C0164,Oliver Brown,DL,DL-2026-OB11,2 River Street, USA,04-11-2025,10-11-2025,343,12035550177,L,Yes,All meals,Both,Yes
C0165,Ava Kapoor,Aadhar,1017 2128 3239,35 Green Lane, India,05-11-2025,14-11-2025,1002,9198001122,B,No,Lunch,Both,Yes
C0166,Messi Chen,Passport,P1900032,1 Ocean Drive, Canada,04-11-2025,14-11-2025,222,14385550144,L,Yes,Dinner,Drop,No
C0167,Noah Kim,DL,DL-2026-NK33,22 Parkside, Korea,04-11-2025,13-11-2025,1080,8210223344,B,Yes,Lunch,Both,Yes
C0168,Samantha Rossi,Aadhar,1018 2129 3240,60 Market Street, Italy,03-11-2025,10-11-2025,124,3905512346,L,Yes,Dinner,Both,No
C0169,James Clark,Passport,P2000033,11 Rue de Paris, France,03-11-2025,11-11-2025,436,3366655566,L,Yes,All meals,None,Yes
C0170,Scarlett Patel,Aadhar,1019 2130 3241,8 Indigo Row, India,02-11-2025,13-11-2025,243,9191234567,B,No,Lunch,Pickup,Yes
C0171,Henry Singh,DL,DL-2026-HS77,19 Cypress Ave, USA,06-11-2025,10-11-2025,484,1202555019,L,Yes,None,Both,Yes
C0172,Grace Park,Passport,P2100034,4 Queen Street, UK,04-11-2025,11-11-2025,786,4479112233,L,No,None,Pickup,No
C0173,Aarav Das,Aadhar,1020 2131 3242,14 Lotus Way, India,05-11-2025,12-11-2025,578,9198765431,L,Yes,All meals,Pickup,No
C0174,Lilly Chen,DL,DL-2026-LC44,7 Harbour View, Canada,05-11-2025,12-11-2025,242,1514555012,L,No,All meals,Drop,Yes
C0175,Lucas Rossi,Passport,P2100045,21 Piazza San Marco, Italy,02-11-2025,12-11-2025,954,3905522233,B,No,Lunch,Pickup,Yes
C0176,Sophia Park,Aadhar,1021 2132 3243,3 Cedar Lane, India,03-11-2025,11-11-2025,239,9191234567,L,Yes,All meals,None,Yes
C0177,Aiden Patel,DL,DL-2026-AP77,55 Riverside Dr, USA,02-11-2025,10-11-2025,699,13125550120,L,No,All meals,Both,No
C0178,Emma Singh,Passport,P2200046,12 Market Ave, India,06-11-2025,14-11-2025,364,9198765000,L,No,Dinner,Both,No
C0179,Daniela Costa,Aadhar,1022 2133 3244,9 Ocean View, Portugal,03-11-2025,11-11-2025,57,3519123456,L,No,Breakfast,Pickup,No
C0180,Bruno Almeida,DL,DL-2026-BA12,18 Avenida, Brazil,02-11-2025,11-11-2025,814,5525123456,L,Yes,None,None,No
C0181,Chloe Nguyen,Passport,P2300047,6 Nguyen St, Vietnam,11-03-2025,11-09-2025,1499,8491234567,L,Yes,Dinner,Both,Yes
C0182,Adam White,Aadhar,1023 2134 3245,1 Noble Ct, USA,11-05-2025,14-11-2025,1304,12035550188,L,Yes,None,Pickup,Yes
C0183,Nora Kapoor,DL,DL-2026-NK77,22 Lotus Garden, India,11-06-2025,11-12-2025,1868,9191234567,B,No,None,Pickup,Yes
C0184,Olivia Chen,Passport,P2400048,14 Liberty Street, Canada,11-04-2025,13-11-2025,1801,4165550190,B,Yes,All meals,Pickup,Yes
C0185,Ethan Park,Aadhar,1024 2135 3246,33 Heritage Ave, Korea,11-02-2025,11-09-2025,1750,8282766789,L,Yes,Dinner,Drop,Yes
C0186,Sophie Rossi,DL,DL-2026-SR22,8 Marina Blvd, Italy,11-03-2025,11-12-2025,1560,3905544455,L,No,None,Both,No
C0187,Noah Kim,Aadhar,1025 2136 3247,12 Tree Line, Korea,11-05-2025,11-09-2025,1480,8280778899,L,No,Breakfast,Drop,No
C0188,Grace Chen,Passport,P2500049,19 Rue de Lyon, France,11-04-2025,13-11-2025,2464,3366667777,B,Yes,None,Both,Yes
C0189,Lucas Park,Aadhar,1026 2137 3248,27 Cedar Ave, Korea,11-04-2025,11-11-2025,1445,8256657788,B,Yes,Breakfast,Both,No
C0190,Ashley Patel,DL,DL-2026-AP88,3 Park Street, India,11-03-2025,14-11-2025,2195,919123456786,B,Yes,Breakfast,Both,Yes
C0191,Mia Kapoor,Passport,P2600050,5 Grand Central, India,11-03-2025,13-11-2025,1321,91987654314,B,No,Breakfast,Both,Yes
C0192,Oliver Rossi,Aadhar,1027 2138 3249,44 Queen's Gate, Italy,11-04-2025,11-11-2025,1317,3905511122,B,No,Breakfast,Pickup,No
C0193,Sophia Nguyen,DL,DL-2026-SN33,16 Riverside Dr, Vietnam,11-02-2025,13-11-2025,1461,8481234567,B,Yes,Lunch,Both,No
C0194,Daniel Smith,Passport,P2700051,2 Ocean Ave, USA,11-02-2025,11-10-2025,1740,1206555013,B,No,Dinner,None,No
C0195,Grace Lee,Aadhar,1028 2139 3250,9 Lotus Way, Korea,11-05-2025,14-11-2025,1771,8210334456,L,Yes,Dinner,Pickup,No
C0196,Leo Kim,DL,DL-2026-LK66,40 Market St, Korea,11-02-2025,11-09-2025,2373,8210443321,L,Yes,All meals,Pickup,No
C0197,Emma Davis,Passport,P2800052,88 Avenida, Spain,11-04-2025,11-09-2025,1308,3461234577,L,Yes,Lunch,Pickup,Yes
C0198,Riya Sharma,Aadhar,1029 2140 3251,12 Parkside, India,11-04-2025,14-11-2025,2500,919123456799,B,No,None,Pickup,No
C0199,Lucas White,DL,DL-2026-LW77,7 Hill Street, USA,11-06-2025,11-10-2025,1693,12035550101,B,No,Breakfast,Both,No
C0200,Chandra Nair,Aadhar,1030 2141 3252,33 Garden Ave, India,11-04-2025,11-11-2025,2188,9198899000,L,No,All meals,Drop,Yes
C0201,Aaron Kim,DL,DL-2026-AK01,12 Meridian Ave, Korea,05-11-2025,13-11-2025,1479,8210123456,L,No,All Meals,Pickup,No
C0202,Grace Park,Passport,P3100001,4 Castle Way, UK,11-02-2025,11-10-2025,1302,4479112233,B,Yes,All meals,Drop,Yes
C0203,Riya Sharma,Aadhar,8888 9999 1111,16 Park Lane, India,11-02-2025,14-11-2025,1814,9123456780,B,Yes,All meals,Both,No
C0204,Daniel Costa,Passport,P3100002,8 Ocean View, Portugal,11-02-2025,13-11-2025,1752,35191234567,B,No,All meals,Drop,Yes
C0205,Mia Nguyen,DL,DL-2026-MN11,33 Riverside, Vietnam,11-03-2025,13-11-2025,1708,84912345670,B,Yes,None,Both,No
C0206,Liam Patel,Aadhar,1031 2142 3253,22 Hillcrest, India,11-03-2025,11-12-2025,1536,9123456789,B,No,Breakfast,Drop,No
C0207,Sophia Chen,Passport,P3200003,7 Bay Street, Canada,11-05-2025,11-10-2025,1460,5145550123,L,Yes,Dinner,Both,No
C0208,Noah Singh,DL,DL-2026-NS22,9 Pine Ave, India,11-06-2025,11-12-2025,2367,9876543210,L,No,Dinner,None,Yes
C0209,Emma Rossi,Passport,P3200004,15 Grand Plaza, Italy,11-02-2025,11-12-2025,1429,3391234567,L,Yes,Breakfast,Both,No
C0210,Alex Kim,Aadhar,1032 2143 3254,3 Crescent Rd, Korea,11-05-2025,11-10-2025,2460,8205550101,B,No,Dinner,None,No
C0211,Chloe Martin,DL,DL-2026-CM33,25 Maple Ave, USA,11-05-2025,11-09-2025,2115,2025550144,B,Yes,All meals,Pickup,Yes
C0212,Ethan Park,Passport,P3200005,11 Hill Street, Korea,11-06-2025,11-09-2025,1316,8212345678,L,No,Breakfast,None,Yes
C0213,Isabella Rossi,Aadhar,9999 8888 7777,44 Indigo Row, Italy,11-05-2025,14-11-2025,1312,9123456701,B,No,Dinner,Pickup,No
C0214,Lucas Nguyen,DL,DL-2026-LN88,30 Ocean Blvd, Vietnam,11-06-2025,11-12-2025,1442,7012345678,B,No,All meals,Both,No
C0215,Nora Kapoor,Passport,P4100006,2 Rue de Paris, France,11-04-2025,11-11-2025,1698,3366557788,L,Yes,None,None,Yes
C0216,Daniel Park,DL,DL-2026-DP22,44 Harbor St, Korea,11-06-2025,11-12-2025,1727,8210665544,B,No,Lunch,Pickup,Yes
C0217,Ava Kapoor,Aadhar,1033 2144 3255,77 Ocean Ave, India,11-02-2025,11-12-2025,2285,9123456784,B,No,Dinner,Both,Yes
C0218,Grace Lee,Passport,P4100007,5 Liberty St, USA,11-02-2025,11-12-2025,2483,4155550133,L,No,None,None,Yes
C0219,Oliver Brown,DL,DL-2026-OB88,6 Cedar Ave, USA,11-06-2025,14-11-2025,1305,2025550145,B,Yes,Dinner,None,Yes
C0220,Sara Gupta,Aadhar,1034 2145 3256,12 MG Road, India,11-04-2025,11-09-2025,2400,9876501235,L,No,All meals,None,Yes
C0221,Adam White,Aadhar,1035 2146 3257,9 Pearl Street, USA,11-04-2025,14-11-2025,1658,2025550188,L,Yes,Dinner,Pickup,No
C0222,Nina Kapoor,Aadhar,1036 2147 3258,21 Park Lane, India,11-02-2025,14-11-2025,2110,9120123456,B,No,Lunch,Both,No
C0223,Jonah Lee,Passport,P4100008,18 Rue de Lyon, France,11-04-2025,14-11-2025,1702,33644556677,L,Yes,Lunch,Pickup,Yes
C0224,Grace Park,DL,DL-2026-GP77,33 Crown St, UK,11-05-2025,11-09-2025,2170,4479112233,L,No,All meals,Drop,Yes
C0225,Leo Martins,DL,DL-2026-LM21,88 Harbour Way, Brazil,11-03-2025,11-09-2025,2457,5521987654,B,Yes,Lunch,Pickup,No
C0226,Sophie Rossi,Passport,P4200009,12 Piazza San Marco, Italy,11-05-2025,11-12-2025,1820,3905588877,B,No,All meals,Pickup,No
C0227,Adam White,Aadhar,1037 2148 3259,4 Noble Ave, USA,11-02-2025,14-11-2025,1264,3035550188,L,No,None,Pickup,No
C0228,Emma Brown,DL,DL-2026-EB88,7 Market St, UK,11-04-2025,11-11-2025,1577,7946123456,B,Yes,None,None,No
C0229,Vihaan Kapoor,Aadhar,1038 2149 3260,6 Lotus Garden, India,11-06-2025,11-09-2025,2116,9123456722,L,Yes,None,Both,Yes
C0230,Charlotte Liu,Passport,P1400009,5 Liberty St, Canada,11-03-2025,11-10-2025,1947,4165550144,B,Yes,All meals,None,Yes
C0231,Bruno Costa,Aadhar,1039 2150 3261,9 Piazza Navona, Brazil,11-06-2025,11-10-2025,1569,5511912345,L,Yes,Dinner,Drop,Yes
C0232,Mia Chen,DL,DL-2026-MC44,41 Market Street, USA,11-02-2025,11-10-2025,1691,1646555015,B,Yes,Lunch,Both,Yes
C0233,Nina Kapoor,Aadhar,1040 2151 3262,17 Park Lane, India,11-04-2025,13-11-2025,1940,9198001230,L,No,All meals,Pickup,No
C0234,Oliver Smith,Passport,P1400010,8 Garden Ave, UK,11-06-2025,11-12-2025,1440,4477103040,B,No,All meals,Both,No
C0235,Sara Rossi,Aadhar,1041 2152 3263,12 Ocean Drive, Italy,11-06-2025,11-10-2025,2029,3905533322,B,Yes,All meals,Both,No
C0236,Alexandra Rossi,Passport,P100000101,24 Via del Corso, Italy,11-03-2025,11-12-2025,1449,3905544555,B,No,Lunch,Pickup,Yes
C0237,Ethan Park,DL,DL-2026-EP77,12 Riverbank Ave, Korea,11-03-2025,11-10-2025,1986,3283344456,B,No,Breakfast,Pickup,Yes
C0238,Aditi Sharma,Aadhar,1042 2153 3264,7 Lotus Street, India,11-04-2025,11-11-2025,1955,9198765432,L,No,Breakfast,Pickup,No
C0239,Oliver Brown,Passport,P100100102,3 Emerald Way, USA,11-03-2025,11-12-2025,2487,2025550144,L,Yes,Lunch,None,Yes
C0240,Grace Kim,Aadhar,1043 2154 3265,45 Sunset Blvd, South Korea,11-06-2025,11-10-2025,1792,5556667776,L,No,Lunch,Both,No
C0241,Sophia Chen,DL,DL-2026-SO100,9 Ocean View, Canada,11-06-2025,11-09-2025,1339,1416555015,L,No,Lunch,Pickup,Yes
C0242,Noah Singh,Aadhar,1044 2155 3266,11 Park Lane, India,11-02-2025,11-12-2025,2191,9191234567,B,Yes,Breakfast,None,No
C0243,Liam Martin,Passport,P100200103,2 Crown Street, United Kingdom,11-06-2025,13-11-2025,2349,4447520123,B,No,Lunch,Both,Yes
C0244,Ava Kapoor,Aadhar,1045 2156 3267,77 Hill Rd, India,11-04-2025,11-09-2025,1506,9199877665,B,Yes,Lunch,Drop,No
C0245,Lucas Rossi,DL,DL-2026-LU101,14 Beacon Ave, Italy,11-05-2025,11-09-2025,2026,3905577788,L,No,Dinner,None,Yes
C0246,Mia Chen,Passport,P100300104,33 Piazza Navona, Italy,11-02-2025,14-11-2025,1412,3905599911,B,Yes,None,Pickup,Yes
C0247,Arjun Nair,Aadhar,1046 2157 3268,88 Marina Bay, India,11-02-2025,13-11-2025,2381,9191234567,B,No,Dinner,Both,Yes
C0248,Sara Gupta,Aadhar,1047 2158 3269,12 MG Road, India,11-04-2025,11-09-2025,1851,9198765431,B,Yes,Dinner,Both,No
C0249,Daniel Kim,Passport,P100400105,5 Liberty St, Korea,11-04-2025,11-09-2025,1991,8282762345,L,Yes,All meals,Both,No
C0250,Emma White,DL,DL-2026-EM102,10 Red Oak Ave, USA,11-03-2025,11-10-2025,2433,12035550166,B,No,None,Both,No
C0251,Chloe Park,Aadhar,1048 2159 3270,4 Birch Rd, Korea,11-02-2025,11-10-2025,1644,8233332222,B,Yes,All meals,Pickup,Yes
C0252,Henry Singh,Aadhar,1049 2160 3271,6 Cedar Ave, India,11-03-2025,11-12-2025,1393,9191234568,B,No,Breakfast,Pickup,No
C0253,Isabella Rossi,Passport,P100500106,9 Piazza Navona, Italy,11-06-2025,11-12-2025,1344,3905566677,B,No,Dinner,Both,No
C0254,Oliver Brown,DL,DL-2026-OL103,2 River Street, USA,11-02-2025,11-12-2025,1717,12035550177,B,No,Breakfast,None,No
C0255,Ava Kapoor,Aadhar,1050 2161 3272,35 Green Lane, India,11-02-2025,11-10-2025,1843,9198001122,L,No,Dinner,Both,Yes
C0256,Messi Chen,Passport,P100600107,1 Ocean Drive, Canada,11-05-2025,11-12-2025,1414,14385550144,L,No,Dinner,Pickup,Yes
C0257,Noah Kim,DL,DL-2026-NO104,22 Parkside, Korea,11-02-2025,11-09-2025,1457,8210223344,L,No,All meals,Pickup,Yes
C0258,Samantha Rossi,Aadhar,1051 2162 3273,60 Market Street, Italy,11-06-2025,11-10-2025,2179,3905512346,L,No,Lunch,None,No
C0259,James Clark,Passport,P100700108,11 Rue de Paris, France,11-03-2025,11-12-2025,1998,3366655566,L,Yes,None,Drop,No
C0260,Scarlett Patel,Aadhar,1052 2163 3274,8 Indigo Row, India,11-03-2025,11-09-2025,1584,919123456785,L,Yes,Dinner,Both,Yes
C0261,Henry Singh,DL,DL-2026-HE105,19 Cypress Ave, USA,11-05-2025,11-12-2025,2009,12025550190,B,Yes,Lunch,Pickup,No
C0262,Grace Park,Passport,P100800109,4 Queen Street, UK,11-06-2025,11-11-2025,1978,447911223344,B,Yes,Dinner,None,Yes
C0263,Aarav Das,Aadhar,1053 2164 3275,14 Lotus Way, India,11-03-2025,11-12-2025,1680,91987654313,L,No,Breakfast,None,No
C0264,Lilly Chen,DL,DL-2026-LI106,7 Harbour View, Canada,11-04-2025,11-11-2025,1797,15145550123,L,Yes,None,None,No
C0265,Lucas Rossi,Passport,P100900110,21 Piazza San Marco, Italy,11-06-2025,11-12-2025,1397,3905522233,B,Yes,Lunch,Drop,Yes
C0266,Sophia Park,Aadhar,1054 2165 3276,3 Cedar Lane, India,11-06-2025,14-11-2025,2498,919123456791,L,Yes,Breakfast,Pickup,Yes
C0267,Aiden Patel,DL,DL-2026-AI107,55 Riverside Dr, USA,11-05-2025,14-11-2025,1601,13125550120,L,Yes,Lunch,Both,Yes
C0268,Emma Singh,Passport,P101000111,12 Market Ave, India,11-03-2025,13-11-2025,2344,9198765000,B,Yes,Dinner,None,Yes
C0269,Daniela Costa,Aadhar,1055 2166 3277,9 Ocean View, Portugal,11-06-2025,14-11-2025,1585,3519123456,B,Yes,All meals,Pickup,Yes
C0270,Bruno Almeida,DL,DL-2026-BR108,18 Avenida, Brazil,11-03-2025,14-11-2025,2197,5525123456,L,No,Breakfast,Pickup,Yes
C0271,Chloe Nguyen,Passport,P101100112,6 Nguyen St, Vietnam,11-04-2025,11-12-2025,2028,8491234567,B,Yes,Dinner,Pickup,No
C0272,Adam White,Aadhar,1056 2167 3278,1 Noble Ct, USA,11-05-2025,11-10-2025,1803,12035550188,L,No,None,None,Yes
C0273,Nora Kapoor,DL,DL-2026-NO109,22 Lotus Garden, India,11-04-2025,11-10-2025,2391,9191234567,L,No,None,None,No
C0274,Olivia Chen,Passport,P101200113,14 Liberty Street, Canada,11-05-2025,11-11-2025,1700,4165550190,L,No,Lunch,Pickup,Yes
C0275,Ethan Park,Aadhar,1057 2168 3279,33 Heritage Ave, Korea,11-06-2025,11-10-2025,1915,8282766789,L,Yes,None,Pickup,No
C0276,Sophie Rossi,DL,DL-2026-SO110,8 Marina Blvd, Italy,11-05-2025,11-09-2025,1365,3905544455,B,Yes,None,Drop,No
C0277,Noah Kim,Aadhar,1058 2169 3280,12 Tree Line, Korea,11-02-2025,13-11-2025,1720,8280778899,L,No,None,Both,No
C0278,Grace Chen,Passport,P101300114,19 Rue de Lyon, France,11-03-2025,14-11-2025,1897,3366667777,L,No,None,None,No
C0279,Lucas Park,Aadhar,1059 2170 3281,27 Cedar Ave, Korea,11-03-2025,13-11-2025,2072,8256657788,B,No,Lunch,None,No
C0280,Ashley Patel,DL,DL-2026-AS111,3 Park Street, India,11-02-2025,11-09-2025,1799,919123456786,L,No,All meals,None,No
C0281,Mia Kapoor,Passport,P101400115,5 Grand Central, India,11-04-2025,14-11-2025,1386,91987654314,L,No,Dinner,Pickup,Yes
C0282,Oliver Rossi,Aadhar,1060 2171 3282,44 Queen's Gate, Italy,11-02-2025,11-11-2025,1683,3905511122,B,Yes,Dinner,Drop,No
C0283,Sophia Nguyen,DL,DL-2026-SO112,16 Riverside Dr, Vietnam,11-06-2025,11-09-2025,2412,8481234567,B,No,Lunch,None,Yes
C0284,Daniel Smith,Passport,P101500116,2 Ocean Ave, USA,11-06-2025,11-09-2025,1895,1206555013,L,Yes,Lunch,Both,Yes
C0285,Grace Lee,Aadhar,1061 2172 3283,9 Lotus Way, Korea,11-03-2025,13-11-2025,1686,8210334456,L,Yes,Lunch,Both,No
C0286,Leo Kim,DL,DL-2026-LE113,40 Market St, Korea,11-06-2025,11-12-2025,2273,8210443321,L,Yes,All meals,Drop,Yes
C0287,Emma Davis,Passport,P101600117,88 Avenida, Spain,11-03-2025,13-11-2025,2061,3461234577,B,Yes,None,None,No
C0288,Riya Sharma,Aadhar,1062 2173 3284,12 Parkside, India,11-02-2025,13-11-2025,2190,919123456799,L,No,Dinner,Pickup,No
C0289,Lucas White,DL,DL-2026-LU114,7 Hill Street, USA,11-02-2025,11-10-2025,1543,12035550101,B,No,Breakfast,Drop,No
C0290,Chandra Nair,Aadhar,1063 2174 3285,33 Garden Ave, India,11-02-2025,11-09-2025,1793,9198899000,L,Yes,Breakfast,Pickup,No
C0291,Ash Singh,Passport,P9999999,1 Broadway, Australia,11-03-2025,13-11-2025,1756,6145550123,B,Yes,Breakfast,Drop,Yes
C0292,Emma Brown,DL,DL-2026-EB99,2 Pearl Rd, UK,11-02-2025,11-09-2025,2354,4477000123,L,No,Dinner,Pickup,No
C0293,Nikhil Shah,Aadhar,1064 2175 3286,14 Garden Hill, India,11-02-2025,11-10-2025,1789,9123456780,B,No,Dinner,Both,No
C0294,Anna Müller,Passport,P9000001,3 Rathausplatz, Germany,11-04-2025,11-09-2025,2448,4912345678,L,No,Lunch,None,No
C0295,James Brown,DL,DL-2026-JB11,5 Park Ave, USA,11-02-2025,13-11-2025,2128,2025550123,B,No,Breakfast,Pickup,Yes
C0296,Laura Smith,Passport,P9000002,8 Ocean Drive, UK,11-06-2025,11-09-2025,2446,4479009999,B,Yes,Dinner,Pickup,Yes
C0297, Rahul Verma,Aadhar,1065 2176 3287,22 Silk Street, India,11-03-2025,14-11-2025,2068,9123456789,B,No,Dinner,None,No
C0298,Grace Kim,DL,DL-2026-GK77,9 Crescent Ave, Korea,11-04-2025,11-10-2025,1992,8210123450,L,No,All meals,Both,Yes
C0299,Lucas Garcia,Passport,P4000001,11 Plaza Real, Spain,11-05-2025,11-12-2025,1534,6831123456,L,No,None,None,No
C0300,Sophia Lee,Aadhar,1066 2177 3288,18 Birch Street, India,11-03-2025,11-09-2025,2294,9123456785,B,No,None,Drop,No
C0301,defrgthy,defrtby,324546,efrgthyju,dfrgty,10-10-1010,12-10-1010,851,3243546,B,Yes,Lunch,None,No
